Run ID,Name,Source Type,Source Name,User,Status,Parameters,batchsize,bias,cell_type,epochs,exp,gpu,location,lr,nsteps,num_layers,run,savedir,verbosity,Test_openloss,bestdev,dev_openloss,devloss,nstep_dev_loss,nstep_test_loss,nstep_train_loss,train_openloss,trainloss
4542b23540d04bddb85d268ff786bbf4,0_0.03_lin,LOCAL,system_id.py,tuor369,FINISHED,44,-1,TRUE,lin,15000,sysid_lin_64_False,3,mlruns,0.03,64,1,0_0.03_lin,weights/garbage/,100,0.360590875,1.551030517,1.505010843,12.7733717,1.551030517,0.528096199,7.673388958,7.809552193,0.257146358
bcca08805f1a4b54bb2278856cab2d17,9_0.03_lin,LOCAL,system_id.py,tuor369,FINISHED,44,-1,TRUE,lin,15000,sysid_lin_64_False,3,mlruns,0.03,64,1,9_0.03_lin,weights/garbage/,100,0.432776332,1.330457807,1.508855939,8.636504173,1.330457807,0.372386396,5.822160244,6.533664227,0.104120798
5329389f242b4271b8d5102d0a8b382b,2_0.03_lin,LOCAL,system_id.py,tuor369,FINISHED,44,-1,TRUE,lin,15000,sysid_lin_64_False,3,mlruns,0.03,64,1,2_0.03_lin,weights/garbage/,100,0.292336941,1.53855741,1.530184984,8.933337212,1.53855741,0.376731277,8.65175724,9.207123756,0.112360321
70e30264ce6d41219d651a3d254991f9,6_0.03_lin,LOCAL,system_id.py,tuor369,FINISHED,44,-1,TRUE,lin,15000,sysid_lin_64_False,3,mlruns,0.03,64,1,6_0.03_lin,weights/garbage/,100,0.475156069,1.435178161,1.594225287,7.986898899,1.435178161,0.470456034,6.107441425,6.503246307,0.085232638
c3d18373010b4b099b8b882b98291bdb,1_0.03_lin,LOCAL,system_id.py,tuor369,FINISHED,44,-1,TRUE,lin,15000,sysid_lin_64_False,3,mlruns,0.03,64,1,1_0.03_lin,weights/garbage/,100,0.448398769,1.453472137,1.598464131,8.464901924,1.453472137,0.412122548,6.112239361,6.868418694,0.09785524
2ac164409c604f3dbd67821a4d36790f,7_0.03_lin,LOCAL,system_id.py,tuor369,FINISHED,44,-1,TRUE,lin,15000,sysid_lin_64_False,3,mlruns,0.03,64,1,7_0.03_lin,weights/garbage/,100,0.465435922,1.466920137,1.675053358,9.254098892,1.466920137,0.400859237,6.208368778,7.050503731,0.123760372
f5f36f6bcd17422b9dee8ac1264a80f9,3_0.03_lin,LOCAL,system_id.py,tuor369,FINISHED,44,-1,TRUE,lin,15000,sysid_lin_64_False,3,mlruns,0.03,64,1,3_0.03_lin,weights/garbage/,100,0.631679058,1.559999943,1.67949152,8.729403496,1.559999943,0.623827934,5.519215584,5.714418411,0.133696303
f8af9c802e4442e898e93b37e0572c2b,5_0.03_lin,LOCAL,system_id.py,tuor369,FINISHED,44,-1,TRUE,lin,15000,sysid_lin_64_False,3,mlruns,0.03,64,1,5_0.03_lin,weights/garbage/,100,0.65026468,1.533586144,1.720769763,8.032865524,1.533586144,0.598078907,5.190598011,5.521191597,0.085533127
cc32f79d85b0477fb58685695803f020,8_0.03_lin,LOCAL,system_id.py,tuor369,FINISHED,44,-1,TRUE,lin,15000,sysid_lin_64_False,3,mlruns,0.03,64,1,8_0.03_lin,weights/garbage/,100,0.844794929,1.455606341,1.806712627,8.980829239,1.455606341,0.674224436,4.072723866,4.922994137,0.115727931
90be948e172a488a85c8d4234691c3cd,0_0.001_lin,LOCAL,system_id.py,tuor369,FINISHED,32,-1,,lin,15000,sysid_lin_64_False,5,mlruns,0.001,64,1,0_0.001_lin,weights/garbage/,100,1.022702694,0.371359646,2.047962427,0.751652837,0.371359646,0.228173435,0.076367334,1.683774114,0.0299224
93d7f6b18e9a4470957cdace69ff0c84,9_0.01_lin,LOCAL,system_id.py,tuor369,FINISHED,44,-1,TRUE,lin,15000,sysid_lin_64_False,3,mlruns,0.01,64,1,9_0.01_lin,weights/garbage/,100,1.497226596,1.342772365,2.278004646,6.721768379,1.342772365,0.868188798,2.368986845,3.754851103,0.064629182
2240b019ec1e45068c3529b0989b16e8,4_0.001_lin,LOCAL,system_id.py,tuor369,FINISHED,32,-1,,lin,15000,sysid_lin_64_False,5,mlruns,0.001,64,1,4_0.001_lin,weights/garbage/,100,1.35247612,0.362135351,2.34331131,0.645015121,0.362135351,0.263195753,0.094781466,1.484688878,0.034349665
ff7a3fcfa5d54263a6fe0a36d182254c,0_0.01_lin,LOCAL,system_id.py,tuor369,FINISHED,44,-1,TRUE,lin,15000,sysid_lin_64_False,3,mlruns,0.01,64,1,0_0.01_lin,weights/garbage/,100,1.660752058,1.627279878,2.509144545,6.715690136,1.627279878,1.051521063,2.250018358,3.108466625,0.0633955
0751323b93a34368ad5ec32fe0cd7b76,4_0.03_lin,LOCAL,system_id.py,tuor369,FINISHED,44,-1,TRUE,lin,15000,sysid_lin_64_False,3,mlruns,0.03,64,1,4_0.03_lin,weights/garbage/,100,1.742511272,2.352596521,2.721833229,10.54460621,2.352596521,1.488454223,3.057559252,3.103776932,0.175737545
ebafaf66a7294d528ea90c788fcea3fd,7_0.01_lin,LOCAL,system_id.py,tuor369,FINISHED,44,-1,TRUE,lin,15000,sysid_lin_64_False,3,mlruns,0.01,64,1,7_0.01_lin,weights/garbage/,100,2.169296741,2.268747091,3.015456676,6.650793076,2.268747091,1.560349345,1.933495522,2.488008976,0.075078033
78b34b2bc4aa408496c9c6d3d0b81cd1,3_0.01_lin,LOCAL,system_id.py,tuor369,FINISHED,44,-1,TRUE,lin,15000,sysid_lin_64_False,3,mlruns,0.01,64,1,3_0.01_lin,weights/garbage/,100,2.25133276,2.128767967,3.076970339,6.570546627,2.128767967,1.491386414,1.718226433,2.334021807,0.071132056
6c6deb7fda1e482f8c9576ea12c0210b,5_0.001_lin,LOCAL,system_id.py,tuor369,FINISHED,32,-1,,lin,15000,sysid_lin_64_False,5,mlruns,0.001,64,1,5_0.001_lin,weights/garbage/,100,0.954868972,0.317833185,3.323837757,0.504310548,0.317833185,0.275196195,0.11000865,1.893328071,0.05652209
3c612cd31cd2433ea54fb623dd38a538,5_0.01_lin,LOCAL,system_id.py,tuor369,FINISHED,32,-1,,lin,15000,sysid_lin_64_False,5,mlruns,0.01,64,1,5_0.01_lin,weights/garbage/,100,0.863054752,0.348868757,3.57785511,0.972600639,0.348868757,0.231868118,0.295850873,4.268057346,0.084738486
6fb8fa2b4ac849e2a5663f9e71355aaa,1_0.01_lin,LOCAL,system_id.py,tuor369,FINISHED,32,-1,,lin,15000,sysid_lin_64_False,5,mlruns,0.01,64,1,1_0.01_lin,weights/garbage/,100,0.843822777,0.250209659,3.597905159,6.986326694,0.250209659,0.171242222,0.358029276,5.483621597,0.675051153
9ec0445581554a2ba33d217cf21e0677,1_0.001_lin,LOCAL,system_id.py,tuor369,FINISHED,32,-1,,lin,15000,sysid_lin_64_False,5,mlruns,0.001,64,1,1_0.001_lin,weights/garbage/,100,2.838686943,0.543996453,3.599442959,0.641774058,0.543996453,0.430106491,0.232136548,1.555745482,0.185208902
de2691176efc4a1ebdfa48d1a42882ed,9_0.01_lin,LOCAL,system_id.py,tuor369,FINISHED,32,-1,,lin,15000,sysid_lin_64_False,5,mlruns,0.01,64,1,9_0.01_lin,weights/garbage/,100,0.741028786,0.486407489,3.698456287,1.293046474,0.486407489,0.285788476,0.384868771,4.661913872,0.093133107
997658d47d14431a85c06a2f29e42939,6_0.001_lin,LOCAL,system_id.py,tuor369,FINISHED,32,-1,,lin,15000,sysid_lin_64_False,5,mlruns,0.001,64,1,6_0.001_lin,weights/garbage/,100,3.787254333,0.409465909,3.717151642,0.655808091,0.409465909,0.276012629,0.078876823,0.729063272,0.032590725
b25a0d080ec94713b45b425a7cb7b35e,2_0.001_lin,LOCAL,system_id.py,tuor369,FINISHED,32,-1,,lin,15000,sysid_lin_64_False,5,mlruns,0.001,64,1,2_0.001_lin,weights/garbage/,100,3.381917477,0.424584419,3.733745098,0.698187888,0.424584419,0.27947253,0.11381647,0.851263762,0.066368364
dcfafce16f89411897a33ecd805cbe23,3_0.001_lin,LOCAL,system_id.py,tuor369,FINISHED,32,-1,,lin,15000,sysid_lin_64_False,5,mlruns,0.001,64,1,3_0.001_lin,weights/garbage/,100,3.072030067,0.394928515,3.818410397,0.7014485,0.394928515,0.29320547,0.183297589,1.160796046,0.063319676
3d5d906604354e74bba3f198a70d8362,1_0.01_lin,LOCAL,system_id.py,tuor369,FINISHED,44,-1,TRUE,lin,15000,sysid_lin_64_False,3,mlruns,0.01,64,1,1_0.01_lin,weights/garbage/,100,3.287116051,2.540562391,4.057180405,6.294032574,2.540562391,2.0618577,0.763765216,1.412033796,0.059208393
f4bf4859ac0a4dec9acbeff2a67c0da7,7_0.001_lin,LOCAL,system_id.py,tuor369,FINISHED,32,-1,,lin,15000,sysid_lin_64_False,5,mlruns,0.001,64,1,7_0.001_lin,weights/garbage/,100,2.961700916,0.471654892,4.079547405,0.686873913,0.471654892,0.408533096,0.281154752,1.887200356,0.204337642
b7d8e4bf5a384a13ade8a0c6f2dd5f72,3_0.01_lin,LOCAL,system_id.py,tuor369,FINISHED,32,-1,,lin,15000,sysid_lin_64_False,5,mlruns,0.01,64,1,3_0.01_lin,weights/garbage/,100,0.932154298,0.266655743,4.162755013,0.536939681,0.266655743,0.134595051,0.454556853,4.428226471,0.110602506
e9e49966c61f46f2b455d56b23470d11,0_0.01_lin,LOCAL,system_id.py,tuor369,FINISHED,32,-1,,lin,15000,sysid_lin_64_False,5,mlruns,0.01,64,1,0_0.01_lin,weights/garbage/,100,1.55098474,0.394461274,4.282924175,2.072525263,0.394461274,0.224127784,0.557927966,3.513683081,0.277793765
8b629dd16ea847fdb72cc2e3c0511fd9,8_0.01_lin,LOCAL,system_id.py,tuor369,FINISHED,32,-1,,lin,15000,sysid_lin_64_False,5,mlruns,0.01,64,1,8_0.01_lin,weights/garbage/,100,2.23479557,0.499331176,4.355430126,1.121461511,0.499331176,0.344871253,0.557447314,2.881732464,0.161692798
101c9c17a7cf4964a4b068d21bf4c3f0,5_0.01_lin,LOCAL,system_id.py,tuor369,FINISHED,44,-1,TRUE,lin,15000,sysid_lin_64_False,3,mlruns,0.01,64,1,5_0.01_lin,weights/garbage/,100,3.84367609,2.864476204,4.662475586,5.362209797,2.864476204,2.328064203,0.645508885,1.053802848,0.074402913
0c46387d3d4347a6a148f08c1e19edd5,8_0.01_lin,LOCAL,system_id.py,tuor369,FINISHED,44,-1,TRUE,lin,15000,sysid_lin_64_False,3,mlruns,0.01,64,1,8_0.01_lin,weights/garbage/,100,4.066796303,2.979243279,4.808777809,6.33341217,2.979243279,2.409806252,0.600128531,0.944569468,0.064767145
ab67355856ef42deb24c04e06584045e,2_0.01_lin,LOCAL,system_id.py,tuor369,FINISHED,32,-1,,lin,15000,sysid_lin_64_False,5,mlruns,0.01,64,1,2_0.01_lin,weights/garbage/,100,0.517656088,0.455525905,4.84115696,1.415822864,0.455525905,0.294624329,0.321311265,6.576855183,0.045605041
45519516823a430fa480d0616768667c,4_0.01_lin,LOCAL,system_id.py,tuor369,FINISHED,32,-1,,lin,15000,sysid_lin_64_False,5,mlruns,0.01,64,1,4_0.01_lin,weights/garbage/,100,3.080521107,1.346708775,4.886520863,3.731645823,1.346708775,0.967110515,0.652809381,2.346475363,0.35538733
d11a91cb256144409b4e8b4db21ce443,6_0.01_lin,LOCAL,system_id.py,tuor369,FINISHED,44,-1,TRUE,lin,15000,sysid_lin_64_False,3,mlruns,0.01,64,1,6_0.01_lin,weights/garbage/,100,3.988602877,2.971407413,4.886892796,6.048161507,2.971407413,2.472842455,0.571674347,0.980576575,0.050552167
b828432cb14e4f41b6227b799dd7354a,6_0.03_lin,LOCAL,system_id.py,tuor369,FINISHED,32,-1,,lin,15000,sysid_lin_64_False,5,mlruns,0.03,64,1,6_0.03_lin,weights/garbage/,100,2.115746021,1.108383656,4.921419144,7.772738457,1.108383656,0.552417517,0.867672086,3.187563419,0.746735394
60f446099a0b434aa3c8b8369b4f11e2,9_0.001_lin,LOCAL,system_id.py,tuor369,FINISHED,32,-1,,lin,15000,sysid_lin_64_False,5,mlruns,0.001,64,1,9_0.001_lin,weights/garbage/,100,5.338404179,0.597881377,5.103229523,0.830881178,0.597881377,0.526995778,0.177618891,0.840287209,0.147440821
99b1a3fa029449818a1925632e0dc12d,4_0.01_lin,LOCAL,system_id.py,tuor369,FINISHED,44,-1,TRUE,lin,15000,sysid_lin_64_False,3,mlruns,0.01,64,1,4_0.01_lin,weights/garbage/,100,4.415530682,3.09489727,5.257043362,5.950845242,3.09489727,2.551745415,0.471633285,0.768887401,0.05181111
c2a88430f0b142c6ade92f42fc9886be,8_0.001_lin,LOCAL,system_id.py,tuor369,FINISHED,32,-1,,lin,15000,sysid_lin_64_False,5,mlruns,0.001,64,1,8_0.001_lin,weights/garbage/,100,5.315433502,0.976897061,5.389147282,1.235819221,0.976897061,0.906342506,0.35588029,1.302975059,0.319185942
9c7173e683084ecf8362e85ed0096ba4,2_0.01_lin,LOCAL,system_id.py,tuor369,FINISHED,44,-1,TRUE,lin,15000,sysid_lin_64_False,3,mlruns,0.01,64,1,2_0.01_lin,weights/garbage/,100,4.568709373,3.448087454,5.446203232,5.84731245,3.448087454,2.852752209,0.413553268,0.735883832,0.05468652
e66bdd040339488fa10ed2dcca38fe09,0_0.03_lin,LOCAL,system_id.py,tuor369,FINISHED,32,-1,,lin,15000,sysid_lin_64_False,5,mlruns,0.03,64,1,0_0.03_lin,weights/garbage/,100,3.944091797,3.537565708,5.589802265,8.213133812,3.537565708,2.306095362,1.111681461,1.964800954,0.787814975
892a3a5c1b60454882746b0b45e78bda,9_0.03_lin,LOCAL,system_id.py,tuor369,FINISHED,32,-1,,lin,15000,sysid_lin_64_False,5,mlruns,0.03,64,1,9_0.03_lin,weights/garbage/,100,3.006143808,3.058172941,5.663681507,7.908947468,3.058172941,1.509686232,1.622111678,3.299956083,0.749570429
518f581465a24202b559ccd3ab0538d2,7_0.03_lin,LOCAL,system_id.py,tuor369,FINISHED,32,-1,,lin,15000,sysid_lin_64_False,5,mlruns,0.03,64,1,7_0.03_lin,weights/garbage/,100,2.01341033,2.834602594,5.716258526,8.315771103,2.834602594,1.471822143,1.087118745,2.965633154,0.799146295
76c2749b37b449649abff722da5a030d,5_0.03_lin,LOCAL,system_id.py,tuor369,FINISHED,32,-1,,lin,15000,sysid_lin_64_False,5,mlruns,0.03,64,1,5_0.03_lin,weights/garbage/,100,3.527899027,3.064091921,5.758200645,8.112167358,3.064091921,1.837916613,1.334576011,2.288532019,0.779271305
528cc91a9d914eb98dc245fb6b1de154,8_0.03_lin,LOCAL,system_id.py,tuor369,FINISHED,32,-1,,lin,15000,sysid_lin_64_False,5,mlruns,0.03,64,1,8_0.03_lin,weights/garbage/,100,4.730498791,3.353296041,5.818445206,229.2667542,3.353296041,2.595749617,0.898797035,1.533177018,131.3953705
18c99ca418334920b0f5ff2f21d73cfb,4_0.03_lin,LOCAL,system_id.py,tuor369,FINISHED,32,-1,,lin,15000,sysid_lin_64_False,5,mlruns,0.03,64,1,4_0.03_lin,weights/garbage/,100,5.255738258,3.646188974,5.886455536,8.408147812,3.646188974,3.078270435,0.775276124,1.386546016,0.875407875
1b19dcbe712b4b8da8e8d96d483d08cc,3_0.03_lin,LOCAL,system_id.py,tuor369,FINISHED,32,-1,,lin,15000,sysid_lin_64_False,5,mlruns,0.03,64,1,3_0.03_lin,weights/garbage/,100,2.984009981,3.82799387,6.104249001,4.863488674,3.82799387,1.862525821,1.944304585,3.034954309,0.491158247
daddb2bbceb941a7940d74562adeb185,2_0.03_lin,LOCAL,system_id.py,tuor369,FINISHED,32,-1,,lin,15000,sysid_lin_64_False,5,mlruns,0.03,64,1,2_0.03_lin,weights/garbage/,100,2.81862545,4.120911598,6.323533535,7.470434189,4.120911598,1.79250145,2.351365089,3.441516399,0.699992418
8f3f137c186e44d3a6edfa0539bf3953,1_0.03_lin,LOCAL,system_id.py,tuor369,FINISHED,32,-1,,lin,15000,sysid_lin_64_False,5,mlruns,0.03,64,1,1_0.03_lin,weights/garbage/,100,2.694411755,4.220023155,6.455093384,7.831319332,4.220023155,1.759485245,2.50534296,3.650829554,0.755574048
eb1fa83561264f94b94670bfe21d5877,0_0.001_lin,LOCAL,system_id.py,tuor369,FINISHED,44,-1,TRUE,lin,15000,sysid_lin_64_False,3,mlruns,0.001,64,1,0_0.001_lin,weights/garbage/,100,6.623904228,2.329864979,7.993362904,2.904683828,2.329864979,2.068500519,0.059364334,0.141968906,0.02945351
be6689712a2242ff9f17d1c8faf0dc88,9_0.001_lin,LOCAL,system_id.py,tuor369,FINISHED,44,-1,TRUE,lin,15000,sysid_lin_64_False,3,mlruns,0.001,64,1,9_0.001_lin,weights/garbage/,100,7.268001556,3.995915174,8.233062744,4.599718571,3.995915174,3.456568241,0.061695125,0.109671466,0.042916227
6059e394389749709ac4050b866cd098,5_0.001_lin,LOCAL,system_id.py,tuor369,FINISHED,44,-1,TRUE,lin,15000,sysid_lin_64_False,3,mlruns,0.001,64,1,5_0.001_lin,weights/garbage/,100,7.138492584,4.435267925,8.315986633,5.166407585,4.435267925,3.835449696,0.080020361,0.124971725,0.050042298
4ca6849373b24d0786e36addf7a03a45,2_0.001_lin,LOCAL,system_id.py,tuor369,FINISHED,44,-1,TRUE,lin,15000,sysid_lin_64_False,3,mlruns,0.001,64,1,2_0.001_lin,weights/garbage/,100,7.604003429,4.200946808,8.519450188,4.598072052,4.200946808,3.573153973,0.0551221,0.092765652,0.046461716
2eb807f3dd944d18b837631e90359f34,1_0.001_lin,LOCAL,system_id.py,tuor369,FINISHED,44,-1,TRUE,lin,15000,sysid_lin_64_False,3,mlruns,0.001,64,1,1_0.001_lin,weights/garbage/,100,7.719923019,4.668598175,8.685707092,5.187325001,4.668598175,3.953790188,0.056754664,0.087895468,0.049110156
819c3d32cfca4f7f8cb18cdf4a3e0812,7_0.001_lin,LOCAL,system_id.py,tuor369,FINISHED,44,-1,TRUE,lin,15000,sysid_lin_64_False,3,mlruns,0.001,64,1,7_0.001_lin,weights/garbage/,100,7.758077621,4.445829391,8.74393177,4.726093769,4.445829391,3.799175739,0.065727256,0.09376803,0.059542317
3d6b8f2667f24fd4a2a7ecfee1cdbe87,3_0.001_lin,LOCAL,system_id.py,tuor369,FINISHED,44,-1,TRUE,lin,15000,sysid_lin_64_False,3,mlruns,0.001,64,1,3_0.001_lin,weights/garbage/,100,7.609421253,4.904195309,8.814825058,5.373891354,4.904195309,4.217957973,0.058758646,0.096916474,0.044883884
232d40d4768148dd8c9f86b101b9c84b,6_0.001_lin,LOCAL,system_id.py,tuor369,FINISHED,44,-1,TRUE,lin,15000,sysid_lin_64_False,3,mlruns,0.001,64,1,6_0.001_lin,weights/garbage/,100,7.775762558,4.416962147,8.846039772,4.770689011,4.416962147,3.793364048,0.050183214,0.084748939,0.043980282
c010e22fcac148bcbef98ea9a0a3e2a2,8_0.001_lin,LOCAL,system_id.py,tuor369,FINISHED,44,-1,TRUE,lin,15000,sysid_lin_64_False,3,mlruns,0.001,64,1,8_0.001_lin,weights/garbage/,100,7.700675011,4.412334442,8.932321548,4.753183365,4.412334442,3.86614275,0.042786047,0.082527205,0.036088444
bfbddebffcc04abfb5122c0174237974,4_0.001_lin,LOCAL,system_id.py,tuor369,FINISHED,44,-1,TRUE,lin,15000,sysid_lin_64_False,3,mlruns,0.001,64,1,4_0.001_lin,weights/garbage/,100,7.803136826,4.96905899,9.095047951,5.366139889,4.96905899,4.31108427,0.050689854,0.085065417,0.042142604
6a7b5809607d4ed3b1f05d8f29797d22,7_0.01_lin,LOCAL,system_id.py,tuor369,FINISHED,32,-1,,lin,15000,sysid_lin_64_False,5,mlruns,0.01,64,1,7_0.01_lin,weights/garbage/,100,34.94865417,0.270013303,51.21744919,0.861215651,0.270013303,0.183212817,0.231176525,35.74088669,0.049400579
a74a3453f64c4b5baa86911a0d5b67d3,6_0.01_lin,LOCAL,system_id.py,tuor369,FINISHED,32,-1,,lin,15000,sysid_lin_64_False,5,mlruns,0.01,64,1,6_0.01_lin,weights/garbage/,100,44.94300079,0.532699585,70.00809479,2.050146818,0.532699585,0.329897702,0.382958114,55.84067535,0.131698191
