Run ID,Name,Source Type,Source Name,User,Status,Parameters,batchsize,cell_type,epochs,exp,location,lr,nsteps,num_layers,run,savedir,verbosity,Test_openloss,bestdev,dev_openloss,devloss,nstep_dev_loss,nstep_test_loss,nstep_train_loss,train_openloss,trainloss
06633515d76d4bf29f1e984dde848aea,4_0.01_gru,LOCAL,system_id.py,tuor369,RUNNING,96,-1,gru,15000,sysid_gru_256_False,mlruns,0.01,256,1,4_0.01_gru,weights/garbage/,100,,6.218986988067627,,6.218989849090576,,,,,7.611154079437256
6c5d79dce3ca4e7cb583e925bcf88430,3_0.01_gru,LOCAL,system_id.py,tuor369,FINISHED,96,-1,gru,15000,sysid_gru_256_False,mlruns,0.01,256,1,3_0.01_gru,weights/garbage/,100,63.43648147583008,6.154669761657715,189.52212524414062,6.218989372253418,6.154669761657715,7.8309006690979,64.85125732421875,121.67127227783203,7.611152648925781
e67f69aa1dac4f6baaedb2b44a047bd2,2_0.01_gru,LOCAL,system_id.py,tuor369,FINISHED,96,-1,gru,15000,sysid_gru_256_False,mlruns,0.01,256,1,2_0.01_gru,weights/garbage/,100,6.221264362335205,6.0353102684021,177.9638214111328,6.218988418579102,6.0353102684021,7.690512657165527,47.837196350097656,104.19536590576172,7.611151695251465
aba52a4d99504cf38da47525d17af0ac,1_0.01_gru,LOCAL,system_id.py,tuor369,FINISHED,96,-1,gru,15000,sysid_gru_256_False,mlruns,0.01,256,1,1_0.01_gru,weights/garbage/,100,6.8435282707214355,6.218936443328857,4.287025451660156,6.218989849090576,6.218936443328857,7.62894868850708,7.620115280151367,5.998661994934082,7.6111578941345215
6c6b768c643f4f589f3ac0be29a53da0,0_0.01_gru,LOCAL,system_id.py,tuor369,FINISHED,96,-1,gru,15000,sysid_gru_256_False,mlruns,0.01,256,1,0_0.01_gru,weights/garbage/,100,5.57131814956665,6.128288745880127,16.654129028320312,6.218987941741943,6.128288745880127,7.780387878417969,10.461128234863281,96.1041488647461,7.611161231994629
cb3ab2bd038a449595a1ca72f55a2321,9_0.03_gru,LOCAL,system_id.py,tuor369,FINISHED,96,-1,gru,15000,sysid_gru_256_False,mlruns,0.03,256,1,9_0.03_gru,weights/garbage/,100,6.8435282707214355,6.218986988067627,4.2854461669921875,6.218989372253418,6.218986988067627,7.628142356872559,7.611200332641602,70.119873046875,7.61115837097168
8cddf7e0a4a342678b566d0e90002472,8_0.03_gru,LOCAL,system_id.py,tuor369,FINISHED,96,-1,gru,15000,sysid_gru_256_False,mlruns,0.03,256,1,8_0.03_gru,weights/garbage/,100,6.8435282707214355,6.218986988067627,4.2854461669921875,6.218989372253418,6.218986988067627,7.6281418800354,7.612125873565674,5.838241100311279,7.611152648925781
564020da95a04300b773372feeb7fa57,7_0.03_gru,LOCAL,system_id.py,tuor369,FINISHED,96,-1,gru,15000,sysid_gru_256_False,mlruns,0.03,256,1,7_0.03_gru,weights/garbage/,100,20.74445915222168,6.078628063201904,159.89138793945312,6.218989372253418,6.078628063201904,7.685781002044678,19.68062400817871,100.23812866210938,7.611152648925781
8a7112682d7b44b9b96f03ad2415e40d,6_0.03_gru,LOCAL,system_id.py,tuor369,FINISHED,96,-1,gru,15000,sysid_gru_256_False,mlruns,0.03,256,1,6_0.03_gru,weights/garbage/,100,5.319479465484619,6.2170491218566895,37.6244010925293,6.218987941741943,6.2170491218566895,7.714735507965088,33.837669372558594,114.8313217163086,7.611203193664551
368821a61ccc488c9f46dd8792f8a3f2,5_0.03_gru,LOCAL,system_id.py,tuor369,FINISHED,96,-1,gru,15000,sysid_gru_256_False,mlruns,0.03,256,1,5_0.03_gru,weights/garbage/,100,6.8435282707214355,6.218985557556152,4.2854461669921875,6.218989372253418,6.218985557556152,7.628139972686768,7.611310005187988,5.830655097961426,7.611152648925781
a530c50dd2d742a0a9d6376e8b29df6b,4_0.03_gru,LOCAL,system_id.py,tuor369,FINISHED,96,-1,gru,15000,sysid_gru_256_False,mlruns,0.03,256,1,4_0.03_gru,weights/garbage/,100,60.80065155029297,6.176875591278076,10.543899536132812,6.218990802764893,6.176875591278076,7.73165225982666,17.830524444580078,102.41710662841797,7.611155033111572
ff7e878146b8447d8666e40d52abca63,3_0.03_gru,LOCAL,system_id.py,tuor369,FINISHED,96,-1,gru,15000,sysid_gru_256_False,mlruns,0.03,256,1,3_0.03_gru,weights/garbage/,100,6.843514919281006,6.218842029571533,4.289691925048828,6.218989372253418,6.218842029571533,7.628535747528076,7.629028797149658,6.262106895446777,7.611154079437256
262e8e322ebd4f2fbbd77b13870bc8d7,2_0.03_gru,LOCAL,system_id.py,tuor369,FINISHED,96,-1,gru,15000,sysid_gru_256_False,mlruns,0.03,256,1,2_0.03_gru,weights/garbage/,100,105.76082611083984,6.167792320251465,162.85244750976562,6.218989372253418,6.167792320251465,7.786787509918213,50.429569244384766,107.23465728759766,7.611154556274414
38f0252aabe849dd82ee0ba26006d7a5,1_0.03_gru,LOCAL,system_id.py,tuor369,FINISHED,96,-1,gru,15000,sysid_gru_256_False,mlruns,0.03,256,1,1_0.03_gru,weights/garbage/,100,9.846563339233398,6.218926906585693,4.329637050628662,6.218989372253418,6.218926906585693,7.6281418800354,7.60263204574585,108.7518539428711,7.611152648925781
945d862b8cd5424cad2b5baa8905359c,0_0.03_gru,LOCAL,system_id.py,tuor369,FINISHED,96,-1,gru,15000,sysid_gru_256_False,mlruns,0.03,256,1,0_0.03_gru,weights/garbage/,100,6.8435282707214355,6.218870162963867,4.287097454071045,6.21898889541626,6.218870162963867,7.628612041473389,7.631559371948242,6.147586345672607,7.611153602600098
d2c1226b1203471db80dae52a9211871,9_0.001_gru,LOCAL,system_id.py,tuor369,FINISHED,96,-1,gru,15000,sysid_gru_256_False,mlruns,0.001,256,1,9_0.001_gru,weights/garbage/,100,5.169892311096191,5.7905964851379395,175.25772094726562,6.218989849090576,5.7905964851379395,7.628352642059326,18.458593368530273,111.68058013916016,7.5629682540893555
075a356f58e84f05a6b8bad994d1e913,8_0.001_gru,LOCAL,system_id.py,tuor369,FINISHED,96,-1,gru,15000,sysid_gru_256_False,mlruns,0.001,256,1,8_0.001_gru,weights/garbage/,100,6.8435282707214355,6.2189435958862305,4.286993026733398,6.218989372253418,6.2189435958862305,7.629026889801025,7.6226067543029785,6.43848991394043,7.61115837097168
c72d11ba8fed426a8c223f57652607a8,7_0.001_gru,LOCAL,system_id.py,tuor369,FINISHED,96,-1,gru,15000,sysid_gru_256_False,mlruns,0.001,256,1,7_0.001_gru,weights/garbage/,100,6.744559288024902,6.218986988067627,4.286203384399414,6.218988418579102,6.218986988067627,7.629011631011963,7.628643989562988,89.57443237304688,7.611157417297363
40f38d587dbe43549755a713e3deceef,6_0.001_gru,LOCAL,system_id.py,tuor369,FINISHED,96,-1,gru,15000,sysid_gru_256_False,mlruns,0.001,256,1,6_0.001_gru,weights/garbage/,100,143.1419677734375,6.212466716766357,180.81515502929688,6.218989849090576,6.212466716766357,14.124526977539062,55.9057731628418,109.31970977783203,6.627402305603027
325ae2441d6d46349c71228387404387,5_0.001_gru,LOCAL,system_id.py,tuor369,FINISHED,96,-1,gru,15000,sysid_gru_256_False,mlruns,0.001,256,1,5_0.001_gru,weights/garbage/,100,6.8435282707214355,6.218986988067627,4.2854461669921875,6.218987941741943,6.218986988067627,7.628462791442871,7.618085861206055,5.843904972076416,7.611454963684082
1e4768511ae145e49b83d4a918e8d144,4_0.001_gru,LOCAL,system_id.py,tuor369,FINISHED,96,-1,gru,15000,sysid_gru_256_False,mlruns,0.001,256,1,4_0.001_gru,weights/garbage/,100,6.8435282707214355,6.218986988067627,4.285445213317871,6.218991279602051,6.218986988067627,7.628151893615723,7.612107753753662,5.837441921234131,7.611181259155273
e8d21837f0854b8e8c41fce0ee1e8aca,3_0.001_gru,LOCAL,system_id.py,tuor369,FINISHED,96,-1,gru,15000,sysid_gru_256_False,mlruns,0.001,256,1,3_0.001_gru,weights/garbage/,100,6.843521595001221,6.218801498413086,4.2903971672058105,6.218989372253418,6.218801498413086,7.628755569458008,7.641759395599365,72.57449340820312,7.611179351806641
e1688aa9a8d14bbb98e6bdf0055515e4,2_0.001_gru,LOCAL,system_id.py,tuor369,FINISHED,96,-1,gru,15000,sysid_gru_256_False,mlruns,0.001,256,1,2_0.001_gru,weights/garbage/,100,6.8435282707214355,6.218986988067627,4.2854461669921875,6.218989372253418,6.218986988067627,7.6292548179626465,7.6200432777404785,10.196340560913086,7.6111650466918945
d48ff023d452412aa5bdbe2c2d4df4ee,1_0.001_gru,LOCAL,system_id.py,tuor369,FINISHED,96,-1,gru,15000,sysid_gru_256_False,mlruns,0.001,256,1,1_0.001_gru,weights/garbage/,100,4.882251262664795,5.349191665649414,11.55500316619873,5.349191665649414,5.349191665649414,6.304750442504883,6.106112003326416,42.87797164916992,6.106120586395264
c1523fb2704d4440b759e0bd72d3e4ee,0_0.001_gru,LOCAL,system_id.py,tuor369,FINISHED,96,-1,gru,15000,sysid_gru_256_False,mlruns,0.001,256,1,0_0.001_gru,weights/garbage/,100,6.834892749786377,6.218888759613037,4.287630558013916,6.21898889541626,6.218888759613037,7.628843784332275,7.615489959716797,26.24570655822754,7.611161231994629
303596043f664eb2827912b23c6c3721,1_0.001_gru,LOCAL,system_id.py,tuor369,FINISHED,,-1,gru,15000,sysid_gru_256_False,mlruns,0.001,256,1,1_0.001_gru,weights/garbage/,100,,,,,,,,,
e47dca0a61d84db89672c2b8f06a0c80,0_0.001_gru,LOCAL,system_id.py,tuor369,FINISHED,96,-1,gru,15000,sysid_gru_256_False,mlruns,0.001,256,1,0_0.001_gru,weights/garbage/,100,,6.219516277313232,,6.219531536102295,,,,,7.6628499031066895
